UUID,LABEL
a923-45b7-gh12-8902,normal
a923-45b7-gh12-416,normal
a923-45b7-gh12-4608,normal
a923-45b7-gh12-8244,normal
a923-45b7-gh12-1030,normal
a923-45b7-gh12-237,normal
a923-45b7-gh12-2869,normal
a923-45b7-gh12-1510,normal
a923-45b7-gh12-3883,normal
a923-45b7-gh12-6082,moderate
a923-45b7-gh12-6292,moderate
a923-45b7-gh12-6711,moderate
a923-45b7-gh12-2077,moderate
a923-45b7-gh12-8931,moderate
a923-45b7-gh12-1452,moderate
a923-45b7-gh12-2614,moderate
a923-45b7-gh12-5698,high
a923-45b7-gh12-5449,high
a923-45b7-gh12-6633,high
a923-45b7-gh12-3806,high
a923-45b7-gh12-8559,high
a923-45b7-gh12-3986,high
a923-45b7-gh12-7098,normal
a923-45b7-gh12-1055,normal
a923-45b7-gh12-2652,normal
a923-45b7-gh12-9953,normal
a923-45b7-gh12-3840,normal
a923-45b7-gh12-5410,normal
a923-45b7-gh12-4980,normal
a923-45b7-gh12-1545,normal
a923-45b7-gh12-8104,normal
a923-45b7-gh12-1021,moderate
a923-45b7-gh12-9063,moderate
a923-45b7-gh12-2268,moderate
a923-45b7-gh12-3656,moderate
a923-45b7-gh12-1589,moderate
a923-45b7-gh12-6577,moderate
a923-45b7-gh12-2660,moderate
a923-45b7-gh12-1446,high
a923-45b7-gh12-3208,high
a923-45b7-gh12-4037,high
a923-45b7-gh12-6043,high
a923-45b7-gh12-4965,high
a923-45b7-gh12-4439,high
a923-45b7-gh12-4461,normal
a923-45b7-gh12-7406,normal
a923-45b7-gh12-4930,normal
a923-45b7-gh12-7382,normal
a923-45b7-gh12-547,normal
a923-45b7-gh12-2385,normal
a923-45b7-gh12-1841,normal
a923-45b7-gh12-4966,normal
a923-45b7-gh12-6046,normal
a923-45b7-gh12-4357,moderate
a923-45b7-gh12-6351,moderate
a923-45b7-gh12-5195,moderate
a923-45b7-gh12-2616,moderate
a923-45b7-gh12-443,moderate
a923-45b7-gh12-6164,moderate
a923-45b7-gh12-5840,moderate
a923-45b7-gh12-9528,high
a923-45b7-gh12-7484,high
a923-45b7-gh12-6730,high
a923-45b7-gh12-1573,high
a923-45b7-gh12-5812,high
a923-45b7-gh12-5862,high
a923-45b7-gh12-1582,normal
a923-45b7-gh12-3343,normal
a923-45b7-gh12-2860,normal
a923-45b7-gh12-4560,normal
a923-45b7-gh12-915,normal
a923-45b7-gh12-6587,normal
a923-45b7-gh12-6880,normal
a923-45b7-gh12-8225,normal
a923-45b7-gh12-9373,normal
a923-45b7-gh12-5683,moderate
a923-45b7-gh12-4832,moderate
a923-45b7-gh12-590,moderate
a923-45b7-gh12-9540,moderate
a923-45b7-gh12-6069,moderate
a923-45b7-gh12-7689,moderate
a923-45b7-gh12-434,moderate
a923-45b7-gh12-8313,high
a923-45b7-gh12-4583,high
a923-45b7-gh12-7848,high
a923-45b7-gh12-191,high
a923-45b7-gh12-2994,high
a923-45b7-gh12-5726,high
a923-45b7-gh12-8297,normal
a923-45b7-gh12-4386,normal
a923-45b7-gh12-933,normal
a923-45b7-gh12-6533,normal
a923-45b7-gh12-9923,normal
a923-45b7-gh12-3429,normal
a923-45b7-gh12-5950,normal
a923-45b7-gh12-9725,normal
a923-45b7-gh12-458,normal
a923-45b7-gh12-1231,moderate
a923-45b7-gh12-9636,moderate
a923-45b7-gh12-3106,moderate
a923-45b7-gh12-1302,moderate
a923-45b7-gh12-1966,moderate
a923-45b7-gh12-1071,moderate
a923-45b7-gh12-2282,moderate
a923-45b7-gh12-6883,high
a923-45b7-gh12-7252,high
a923-45b7-gh12-7848,high
a923-45b7-gh12-601,high
a923-45b7-gh12-3812,high
a923-45b7-gh12-6074,high
a923-45b7-gh12-3663,normal
a923-45b7-gh12-1494,normal
a923-45b7-gh12-7199,normal
a923-45b7-gh12-4565,normal
a923-45b7-gh12-456,normal
a923-45b7-gh12-4121,normal
a923-45b7-gh12-5179,normal
a923-45b7-gh12-7676,normal
a923-45b7-gh12-8112,normal
a923-45b7-gh12-6853,moderate
a923-45b7-gh12-9771,moderate
a923-45b7-gh12-8239,moderate
a923-45b7-gh12-3423,moderate
a923-45b7-gh12-2815,moderate
a923-45b7-gh12-5565,moderate
a923-45b7-gh12-7585,moderate
a923-45b7-gh12-566,high
a923-45b7-gh12-6415,high
a923-45b7-gh12-4167,high
a923-45b7-gh12-3309,high
a923-45b7-gh12-9191,high
a923-45b7-gh12-7252,high
a923-45b7-gh12-9073,normal
a923-45b7-gh12-2642,normal
a923-45b7-gh12-9625,normal
a923-45b7-gh12-9210,normal
a923-45b7-gh12-4204,normal
a923-45b7-gh12-1989,normal
a923-45b7-gh12-6219,normal
a923-45b7-gh12-7218,normal
a923-45b7-gh12-8312,normal
a923-45b7-gh12-9259,moderate
a923-45b7-gh12-3940,moderate
a923-45b7-gh12-7739,moderate
a923-45b7-gh12-7406,moderate
a923-45b7-gh12-7929,moderate
a923-45b7-gh12-7203,moderate
a923-45b7-gh12-3866,moderate
a923-45b7-gh12-2284,high
a923-45b7-gh12-2436,high
a923-45b7-gh12-2595,high
a923-45b7-gh12-4628,high
a923-45b7-gh12-6465,high
a923-45b7-gh12-4818,high
a923-45b7-gh12-510,normal
a923-45b7-gh12-827,normal
a923-45b7-gh12-5844,normal
a923-45b7-gh12-3946,normal
a923-45b7-gh12-5024,normal
a923-45b7-gh12-7972,normal
a923-45b7-gh12-284,normal
a923-45b7-gh12-5389,normal
a923-45b7-gh12-1121,normal
a923-45b7-gh12-130,moderate
a923-45b7-gh12-7498,moderate
a923-45b7-gh12-5839,moderate
a923-45b7-gh12-8378,moderate
a923-45b7-gh12-8367,moderate
a923-45b7-gh12-9883,moderate
a923-45b7-gh12-5158,moderate
a923-45b7-gh12-2572,high
a923-45b7-gh12-1603,high
a923-45b7-gh12-6936,high
a923-45b7-gh12-3744,high
a923-45b7-gh12-2040,high
a923-45b7-gh12-8778,high
a923-45b7-gh12-8740,normal
a923-45b7-gh12-2913,normal
a923-45b7-gh12-1326,normal
a923-45b7-gh12-1458,normal
a923-45b7-gh12-5345,normal
a923-45b7-gh12-9452,normal
a923-45b7-gh12-9929,normal
a923-45b7-gh12-8025,normal
a923-45b7-gh12-7381,normal
a923-45b7-gh12-7709,moderate
a923-45b7-gh12-4036,moderate
a923-45b7-gh12-1561,moderate
a923-45b7-gh12-3937,moderate
a923-45b7-gh12-5348,moderate
a923-45b7-gh12-8655,moderate
a923-45b7-gh12-8401,moderate
a923-45b7-gh12-7646,high
a923-45b7-gh12-891,high
a923-45b7-gh12-1876,high
a923-45b7-gh12-2863,high
a923-45b7-gh12-5317,high
a923-45b7-gh12-268,high
